{"cameraMode":{"drawMode":0,"name":"Shaded","section":"Shading Mode"},"sceneLighting":false,"audioPlay":false,"sceneViewState":{"showFog":false,"showMaterialUpdate":false,"showSkybox":false,"showFlares":false,"showImageEffects":false,"showParticleSystems":false,"showVisualEffectGraphs":true,"m_FxEnabled":true},"in2DMode":false,"pivot":{"x":5.166641712188721,"y":-517.9208374023438,"z":-477.0312194824219},"rotation":{"x":0.0007227487512864172,"y":-0.8812570571899414,"z":0.47267162799835207,"w":0.0012874191161245108},"size":359.95977783203127,"orthographic":false}