{"cameraMode":{"drawMode":0,"name":"Shaded","section":"Shading Mode"},"sceneLighting":false,"audioPlay":false,"sceneViewState":{"showFog":false,"showMaterialUpdate":false,"showSkybox":false,"showFlares":false,"showImageEffects":false,"showParticleSystems":false},"in2DMode":false,"pivot":{"x":7.915448188781738,"y":27.411178588867189,"z":-112.84367370605469},"rotation":{"x":-0.016278164461255075,"y":-0.9603613018989563,"z":0.2723233997821808,"w":-0.05740972235798836},"size":14.195454597473145,"orthographic":false}